name|a|b
อภิสิทธิ์|aLphiHsitL|Abhisit[firstnameof27thThaiPrimeMinister]
อดิศักดิ์|aLdiLsakL|Adisak[aThaigivenname]
อักขระ|akLkhaLraL|Akara[aThaimalegivenname](alphabet,character)
อริศรา|aLriHsaLraaM|Alisara[aThaigivenname]
อมร|aLmaawnM|Amorn[Thaiwoman'sgivenname]
อมรรัตน์|aLmaawnMratH|Amornrat[aThaifemalegivenname]
อนันต์|aLnanM|Anan[aThaigivenname]
อนันตชัย|aLnanMdtaLchaiM|Anantachai[aThaimalegivenname]
อาณัติ|aaMnatH|Anat[aThaigivenname]
อัญชลี|anMchaHleeM|Anchalee[aThaifemalegivenname]
อัญชลีพร|anMchaHleeMphaawnM|Anchaleephorn[aThaifemalegivenname]
อนุชา|aLnooHchaaM|Anucha[aThaigivenname](youngerbrother)
อาภัสรา|aaLphatHsaLraaM|Apasara[Thaiwoman'sname;andthenameofaformerThaiMissUniverse]
อภิชาต|aLphiHchaatF|Aphichat[aThaigivenname]
อภิชาติ|aLphiHchaatF|Aphichat[aThaigivenname]
อภิรักษ์|aLphiHrakH|Aphirak[aThaigivenname]
อภิศักดิ์|aLphiHsakL|Aphisak[aThaigivenname]
อภิญญา|aLphinMyaaM|Apinya[aThaimaleorfemalegivenname](magicalpower,knowledge)
อารี|aaMreeM|Aree[Thaigivenname]
อารีพงศ์|aaMreeMphohngM|Ariphong[aThaigivenname]
อารง|aaMrohngM|Arong[aThaigivenname]
อาทิตย์|aaMthitH|Arthit[aThaimalename](sun)
อรุณศรี|aLroonMseeR|Arunsri[aThaigivenname]
อัษรา|atLsaLraaM|Asara[aThaigivenname]
อัษฎา|atLsaLdaaM|Asda[aThaimalegivenname]
อรรถสิทธิ์|atLthaLsitL|Athasit[Thaimalegivenname]
บัณฑิตา|banMthiHdtaaM|Banthita[aThaigivenname]
บัญญัติ|banMyatL|Banyat[aThaigivenname]
บุญศรี|boonMseeR|Boonsri[aThaifemalegivenname](beautifulandmeritorious)
บุญรัตน์|boonMratH|Bunrat[aThaigivenname]
บุญเยี่ยม|boonMyiiamF|Bunyiam[aThaigivenname]
บุญยง|boonMyohngM|Bunyong[aThaigivenname]
บุษราคัม|bootLsaLraaMkhamM|Busarakham[aThaifemalegivenname](yellowsapphire)
บุศวรรณ|booLsaLwanM|Busawan[aThaigivenname]
ชัยอนันต์|chaiMaLnanM|Chaiyanan;Chaiyanant[aThaimalegivenname](countlessvictories)
ชัยพร|chaiMyaHphaawnM|Chaiyaporn[aThaigivenname](victoryblessing)
จักรี|jakLgreeM|Chakrii;Jakrii[aThaimalegivenname](king,monarch)
เฉลิม|chaLleermR|Chalerm[aThaigivenname](celebration,supreme,prestigious)
ฉลวย|chaLluayR|Chaluay[aThaigivenname(unisex)]
ชนะ|chaHnaH|Chana[aThaigivenname]
ชาญชัย|chaanMchaiM|Chanchai[aThaimalegivenname](skilledandvictorious)
ชนินทร์|chaHninM|Chanin[aThaigivenname]
ชนิภรณ์|chaHniHphohnM|Chaniporn[aThaifemalegivenname]
จันทร์สิริ|janMthaHsiLriL|Chanthasiri[aThaigivenname]
เชาวน์|chaoM|Chaow[aThaimalegivenname](mentalagility,quicknessofmind)
ชาติชาย|chaatFchaaiM|Chatchai[aThaigivenname]
ชาติ|chaatF|Chati;Charti[aThaimalegivennameornickname](life,birth,incarnation;nation,country)
จตุพล|jaLdtooLphohnM|Chatuphon[aThaigivenname]
ชิด|chitH|Chid[aThaigivenname](close,near,touching)
ชมเกดุ|chohmMgaehtL|Chomkate[aThaigivenname]
ชุ่ม|choomF|Choom[aThaigivennameornickname](wet)
ชวน|chuaanM|Chuan[aThaigivenname]
จุลภาส|joonMphaatF|Chunphat[aThaigivenname]
ชูวิทย์|chuuMwitH|Chuwit[aThaigivenname]
ดนัย|daLnaiM|Danai[commonThaigivenname]
แดง|daaengM|Dang;Daeng[aThaimaleorfemalegivennameornickname—SeeNotes](red)
ดนุพล|daLnooHphohnM|Danupol[Thaimalegivenname]
ดวงใจ|duaangMjaiM|Duangjai[aThaigivenname]
ดวงกมล|duaangMgaLmohnM|Duangkamol[aThaifemalegivenname](heart)
เดือนเพ็ญ|deuuanMphenM|Duanphen[afemalegivenname](fullmoon)
ดุสิต|dooLsitL|Dusit[aThaimalegivenname](thefourthlandofheaven)
เอกใหม่|aehkLgaLmaiL|Ekamai[aThaigivenname]
เอกพงษ์|aehkLgaLphohngM|Ekaphong[aThaigivenname]
ฟุ้งฟ้า|foongHfaaH|Fungfaa[Thaifemalegivenname]
กานดา|gaanMdaaM|Gaan-daa[aThaifemalegivenname](beloved,sweetheart)
แก้วเก้า|gaaeoFgaaoF|Gaewgaow[aThaifemalegivenname]
กมล|gaLmohnM|Gamon;Gamol;Kamon[aThaimaleorfemalegivennameornickname](heart,mind)
กนกพร|gaLnohkHphaawnM|Ganokpon;Kanokporn[aThaigivenname]
กระสินธ์|graLsinR|Grasin;Karasin[aThaimalegivenname]
หทัย|haLthaiM|Hathai[aThaifemalegivenname](heart)
จันทนา|janMthaHnaaM|Janthana[aThaifemalegivenname]
จารุวรรณ|jaaMrooHwanM|Jaruwan[aThaifemalegivenname]
จินตหรา|jinMdtaLraaR|Jintara[Thaifemalegivenname]
จินทนา|jinMthaHnaaM|Jinthana[aThaifemalegivenname]
เจือ|jeuuaM|Juaa[aThaimaleorfemalegivenname]
กาญจนา|gaanMjaLnaaM|Kanchana[aThaifemalegivennamemeaning"gold"]
เกษม|gaLsaehmR|Kasem[aThaimalegivennamemeaning"happiness"]
ขจี|khaLjeeM|Khajee[aThaifemalegivenname](verdant,green)
ขนิษฐา|khaLnitHthaaR|Khanittha[aThaifemalegivennamemeaning"youngersister"]
คลัง|khlangM|Khlang[aThaigivenname]
ขวัญจิต|khwanRjitL|Khwanchit[aThaigivennamemeaning"darling,sweetheart"]
กิติ|giLdtiL|[aThaimalegivenname]Kiti
กล้าหาญ|glaaFhaanR|Klaharn[aThaimalegivenname](brave,bold)
กฤษฏิ์|gritL|Krist[aThaigivenname]
กุมโชค|goomMcho:hkF|Kumchok[aThaigivenname]
กุญชนิตา|goonMchaHniHdtaaM|Kunchanita[aThaigivenname]
กุลพันธ์|goonMlaHphanM|Kunlapan[aThaigivenname]
ขวัญชัย|khwanRchaiM|Kwanchai[aThaimalegivenname]
ขวัญใจ|khwanRjaiM|Kwanjai;Qwan-jai[aThaifemalegivenname](darling,sweetheart,favorite,beloved)
มาลี|maaMleeM|Malee[aThaifemalegivenname](flower)
มะลิ|maHliH|Mali[acommonThaifemalename]Jasamine
มณี|maHneeM|Manee[aThaifemalegivennameornickname](jewels,preciousstones)
มาณี|maaMneeM|Manee[aThaifemalegivenname]
มานิจ|maaMnitH|Manit[aThaigivenname]
มโน|maHno:hM|Mano[aThaigivenname](heart,mind)
มณู|maHnuuM|Manoo[aThaimalegivenname]
มนู|maHnuuM|Manu[aThaimalegivenname]
มานิตย์|maaMnitH|Marnit[aThainame]
มารวย|maaMruayM|Maruai[aThaigivenname]
มงคล|mohngMkhohnM|Mongkhon[aThaimalegivennamemeaning"auspicious"]
มนตรี|mohnMdtreeM|Montri[aThaigivenname]
มุกดา|mookHdaaM|Mukda[aThaigivenname]
นาค|naakF|Naak[aThaigivennameornickname](fabulousserpent)
นัยนา|naiMyaHnaaM|Naiyana[aThaifemalegivenname](eye)
นาก|naakF|Nak;Naak;Naag[aThaifemalegivennameornickname](gold,silver,andcopper)
เนาวรัตน์|naoMwaHratH|Naowarat[amaleorfemalegivenname](ninegems)
นภสร|naHphaHsaawnR|Napasorn[aThaigivenname]
นารี|naaMreeM|Naree[aThaifemalegivenname]
นรินทร์ศักดิ์|naHrinMsakL|Narinsak[aThaimalegivenname]
นริศา|naHriHsaaR|Narisa[aThaifemalegivenname]
ณรงค์ศักดิ์|naHrohngMsakL|Narongsak[aThaigivenname]
นฤมล|naHreuHmohnM|Naruemol[aThaigivenname]
ณัฏฐสิทธิ์|natHthaLsitL|Nattasit[Thaimalegivenname]
นววรรณ|naHwaHwanM|Nawawan[aThaigivenname]
ณี|neeM|Nee[aThaifemalegivennameornickname]
หนิว|niuR|Niew[aThaifemalegivenname](bee)
นีราชา|neeMraaMchaaM|Niracha[aThaifemalegivenname]
นิตยา|nitHdtaLyaaM|Nittaya[aThaigivenname]
นงลักษณ์|nohngMlakH|Nongluck[aThaigivenname]
นงนุช|nohngMnootH|Nongnut[aThaifemalename]
นพดล|noHphaHdohnM|Nopadol,Nopadon[aThaigivenname]
นพคุณ|nohpHphaHkhoonM|Nopakhoon[aThaimalename](gold)
นพรัตน์|nohpHphaHratH|Nopparat[amaleorfemalegivenname](ninegems)
ณัฎฐา|natHthaaR|Nuttha[aThaigivenname]
ณัฐิมา|natHthiLmaaM|Nuttima[aThaigivenname]
ไพรัช|phaiMratH|Pairat[aThaigivenname](foreign)
ไพฑูรย์|phaiMthuunM|Paithoon[aThaimaleorfemalegivenname](cat’s-eye)
ปกรณ์|bpaLgaawnM|Pakorn[Thaimalegivenname]
ปานใจ|bpaanMjaiM|Panchai[aThaigivenname]
ผาณิต|phaaRnitH|Panit[aThaigivenname]
พนิต|phaHnitH|Panit[aThaimalegivenname](beloved)
พรรณี|phanMneeM|Pannee[aThaifemalegivenname]
พนม|phaHnohmM|Panom[aThaigivenname](mountain)
ปานเทพ|bpaanMthaehpF|Panthep[aThaigivenname]
ภานุพัฒน์|phaaMnooHphatH|Panupat[aThaigivenname]
ปาริชาติ|bpaaMriHchaatF|Parichat[aThaigivenname]
ปริญญา|bpaLrinMyaaM|Parinya[aThaigivenname]
ภาสุระ|phaaMsooLraH|Pasura[aThaigivenname]
พัชรพร|phatHchaHraHphaawnM|Patcharabhorn[aThaigivenname]
พาที|phaaMtheeM|Pathi[aThaigivenname]
ปฐม|bpaLthohmR|Pathom[aThaigivenname]
ปฏิภาณ|bpaLdtiLphaanM|Patipaan[aThaigivenname](quick-wittedandsmart)
พัฒนา|phatHthaHnaaM|Pattana[aThaigivenname]
ปวีณา|bpaLweeMnaaM|Pavena[aThaifemalegivenname]
เพ็ญสุขภรณ์|phenMsooLkhaLphohnM|Pensukporn[aThaigivenname]
ปีย์รติ|bpeeMraHdtiL|Perati[aThaigivenname]
เพิ่ม|pheermF|Perm[aThaigivennameornickname](increase)
เผด็จ|phaLdetL|Phadet[aThaigivenname]
ไพบูลย์|phaiMbuunM|Phaibun[aThaigivenname]
ไพศักดิ์|phaiMsakL|Phaisak[aThaigivenname]
ไพศาล|phaiMsaanR|Phaisan[aThaigivenname]
พาณิชย์|phaaMnitH|Phanit[aThaigivenname]
พยนต์|phaHyohnM|Phayon[aThaigivenname]
พิชิต|phiHchitH|Phichit[aThaigivenname]
พิจิตร|phiHjitL|Phichit[aThaigivenname]
พิมพ์ใจ|phimMjaiM|Phimchai[aThaigivenname]
พินิจ|phiHnitH|Phinit[aThaigivenname]
พิภพ|phiHphohpH|Phiphop[aThaigivenname]
พิริยะ|phiHriHyaH|Phiriya[aThaigivenname]
ภิรมย์|phiHrohmM|Phirom[aThaigivenname]
พลเดช|phohnMdaehtL|Phondet[aThaigivenname]
ผ่องเพ็ญ|phaawngLphenM|Phongphen[aThaigivenname]
พรพันธุ์|phaawnMphanM|Phonphan[awoman'sname,meaning]"onewhowasbornofablessedorgiftedfamily"
พรพรรณ|phaawnMphanM|Phonphan[awoman'sname,meaning]"onewhoseskincomplexionisherheavenlyendowment"
ภรณ์พรรณ|phohnMphanM|Phonphan[awoman'sname](onewhohasafinecomplexion)
ภรณ์พันธ์|phohnMphanM|Phonphan[awoman'sname](onewhoisfascinatedwithclothes,dresses,ornaments,oraccessories)
ภรณ์พันธุ์|phohnMphanM|Phonphan[awoman'sname](onewhowasborntoadressmakingfamily)
พรรัมภา|phaawnMramMphaaM|Phornrampha[aThaigivenname]
ภุชงค์|phooHchohngM|Phuchong[aThaigivenname]
ภูมินทร์|phuuMminM|Phumin[aThaigivenname]
ภูมิพัฒน์|phuuMmiHphatH|Phumphat[aThaigivenname]
พูนศักดิ์|phuunMsakL|Phunsak[aThaigivenname]
พิกุล|phiHgoonM|Pikun[Thaifemalegivenname]
พิมพ์วสี|phimMwaHseeR|Pimwasee[aThaigivenname]
พิราวรรณ์|phiHraaMwanM|Pirawan[Thaifemalegivenname]
ปีติ|bpeeMdtiL|Piti[aThaifemalegivenname](delighted,joyful)
ปิติ|bpiLdtiL|Piti[aThaimalegivenname]
ปิยบุตร|bpiLyaHbootL|Piyabut[aThaigivenname]
ปิยะคม|bpiLyaHkhohmM|Piyakom[aThaigivenname]
ปิยวรรณ|bpiLyaHwanM|Piyawan[aThaigivenname]
ป้อง|bpaawngF|Pong[aThaigivenname]
พรชัย|phaawnMchaiM|Pornchai[aThaigivenname]
ประชา|bpraLchaaM|Pracha[aThaigivenname]
ประดิษฐ์|bpraLditL|Pradit[aThaigivenname]
ประมนต์|bpraLmohnM|Pramon[aThaigivenname]
ประมุข|bpraLmookH|Pramuk[aThaigivenname]
ปราณี|bpraaMneeM|Pranee[aThaigivenname]
ประพันธ์|bpraLphanM|Praphan[maleThaigivenname]
ประภาส|bpraLphaatF|Praphat[aThaigivenname]
ประสาน|bpraLsaanR|Prasan[aThaigivenname]
ประเสริฐ|bpraLseertL|Prasert[aThaimalegivenname](superb,excellent,precious)
ประสิทธิ์|bpraLsitL|Prasit[aThaimalegivenname]
ประสงค์|bpraLsohngR|Prasong[aThaigivenname,usuallymale](wish,desire,purpose)
ปรารถนา|bpraatLthaLnaaR|Prathana[Thaifemalegivenname]
ประทีป|bpraLtheepF|Prathip[aThaigivenname]
ประทุม|bpraLthoomM|Prathum[aThaigivenname]
ปรัชญา|bpratLyaaM|Pratya[aThaigivenname]
ประเวช|bpraLwaehtF|Prawet[aThaigivenname]
ประเวศ|bpraLwaehtF|Prawet[aThaigivenname]
ประวิทย์|bpraLwitH|Prawit[aThaimalegivenname]
ประวิตร|bpraLwitH|Prawit[firstname]
ปรีชา|bpreeMchaaM|Preechaa[aThaimalegivenname](intelligent,sagacious)
ปรีดา|bpreeMdaaM|Preeda[aThaifemalegivenname](delighted,joyful)
เปรม|bpraehmM|Prem[aThaimalegivenname](content,happy)
ปัญญา|bpanMyaaM|Punyaa[aThaimalegivenname](intelligence)
ราม|raamM|Ram[aThaimalegivenname](thundergiant)
รังรอง|rangMraawngM|Rangrong[Thaifemalegivenname]
รินรดา|rinMraHdaaM|Rinrada[aThaifemalegivenname]
รอง|raawngM|Rong[aThaimalegivenname](carry,bearweight)
ฤดี|reuHdeeM|Rudee[aThaifemalegivenname](pleasure,delight)
รื่น|reuunF|Rune[aThaimaleorfemalegivennameornickname](happy,refreshing)
รื่นฤดี|reuunFreuHdeeM|Runerudee[aThaifemalegivenname]
รุ่งสิทธิ์|roongFsitL|Rungsit[aThaigivenname]
รัตน์|ratH|Rut;Rat;Rutna[aThaifemalegivennameornickname](preciousstone,gem)
ฤทัย|reuHthaiM|Ruthai[aThaifemalegivenname](heart,mind)
แสงดาว|saaengRdaaoM|Saengdow[aThaifemalegivennamemeaning"starlight"]
สายพิณ|saaiRphinM|Saiphin[aThaigivenname]
สายสมร|saaiRsaLmaawnR|Saisamorn[aThaifemalegivenname]
ศักดา|sakLgaLdaaM|Sakada[aThaigivenname]
สากล|saaRgohnM|Sakon[aThaigivenname]
ศักดิ์ทิพย์|sakLthipH|Sakthip[aThaigivenname]
สกุล|saLgoonM|Sakun[aThaigivenname]
สลิลธร|saLlinMthaawnM|Saliltorn[aThaigivenname]
สมัคร|saLmakL|Samak[aThaigivenname]
สามารถ|saaRmaatF|Samat[aThaigivenname]
สมร|saLmaawnR|Samorn[aThaifemalegivenname](belovedbeautifulwoman)
สำเริง|samRreerngM|[Thaimalegivenname]Samreung
สำรวย|samRruayM|[Thaimalename]Samruey
สนั่น|saLnanL|Sanan[aThaigivenname]
สังวาล|sangRwaanM|Sangwaan[aThaifemalegivenname](lovevine)
สังวาลย์|sangRwaanM|Sangwal[aThaimalegivenname]
สนิท|saLnitL|Sanit[aThaimaleorfemalegivenname](close,intimate)
สันติ|sanRdtiL|Santi[aThaigivenname]
สริตา|saLriHdtaaM|Sarita[aThaigivenname]
ศศิธร|saLsiLthaawnM|Sasithorn[afemaleThaigivenname](moon)
สาธิต|saaRthitH|Sathit[aThaigivenname]
สาธิตยัง|saaRthitHdtaLyangM|Sathittayang[aThaigivenname]
สว่าง|saLwaangL|Sawang[aThaigivenname]
สวัสดิ์|saLwatL|Sawat[aThaigivenname](happiness)
สาวิทย์|saaRwitH|Sawit[aThaigivenname]
เสรี|saehRreeM|Seri[aThaigivenname]
เซติอาวัน|saehMdtiLaaMwanM|Setiawan[aThaigivenname]
เซติยัง|saehMdtiLyangM|Setiyang[aThaigivenname]
สิงห์|singR|Singh[aThaigivenname]
ศิริ|siLriL|Siri[Thaimalegivenname](glorious)
ศิริโชค|siLriHcho:hkF|Sirichok[aThaigivenname]
สิริกิติ์|siLriHgitL|Sirikit[thenameofHerMajestytheQueenofThailand]
ศิริณี|siLriHneeM|Sirini[aThaigivenname]
ศิริพันธ์|siLriHphanM|Siriphan[aThaifemalegivenname]
ศิริพล|siLriHphohnM|Siriphon[aThaigivenname]
ศิริพงศ์|siLriHphohngM|Siriphong[aThaigivenname]
ศิริพร|siLriLphaawnM|Siriporn[aThaifemalegivenname](splendor,glory,andblessing)
สิริรักษ์|siLriHrakH|Sirirak[aThaigivenname]
ศิริรัตน์|siLriHratH|Sirirat[aThaigivenname]
ศิริวรรณ|siLriHwanM|Siriwan[afemalegivenname]
ศรีศักดิ์|seeRsakL|Sisak[aThaigivenname]
สีห์ศักดิ์|seeRsakL|Sisak[aThaigivenname]
สิทธิ|sitLthiH|Sitthi[aThaigivenname]
โสภาค|so:hRphaakF|Sobhak[aThainame]
สมบัติ|sohmRbatL|Sombat[aThaigivenname]
สมบูรณ์|sohmRbuunM|Somboon[aThaimalegivenname](perfect,complete)
สมบุญ|sohmRboonM|Sombun[aThaigivenname]
สมชาย|sohmRchaaiM|Somchai[aThaigivenname]
สมโชค|sohmRcho:hkF|Somchok[aThaigivenname]
สุดใจ|sootLjaiM|Somjai[aThaifemalegivenname]
สมจิต|sohmRjitL|Somjit[aThaifemalegivenname]
สมคิด|sohmRkhitH|Somkhit[aThaigivenname]
สมควร|sohmRkhuaanM|Somkhuan[aThaigivenname]
สมลักษณ์|sohmRlakHsaL|Somlaksa[aThaigivenname]
สมหมาย|sohmRmaaiR|Sommai[aThaigivenname]
สมเพียร|sohmRphiianM|Somphian[aThaigivenname]
สมภพ|sohmRphohpH|Somphop[aThaigivenname]
สมพงษ์|sohmRphohngM|Sompong;Somphong[aThaigivenname]
สมพร|sohmRphaawnM|Somporn[aThaigivenname]
สมรัตน์|sohmRratH|Somrat[aThaigivenname]
สมศักดิ์|sohmRsakL|Somsak[aThaigivenname]
สมทรง|sohmRsohngM|Somsong[aThaigivenname]
สมศรี|sohmRseeR|Somsri[aThaigivenname]
สมยศ|sohmRyohtH|Somyot[aThaigivenname]
สนธิ|sohnRthiH|Sonthi[aThaimalegivenname](combine)
สุนทรี|soonRthaHreeM|Soontharee[aThaigivenname]
สุชาดา|sooLchaaMdaaM|Suchada[aThaigivenname]
สุชาดาจะ|sooLchaaMdaaMjaL|Suchadacha[aThaigivenname]
สุชาย|sooLchaaiM|Suchai[aThaigivenname]
สุชาติ|sooLchaatF|Suchart[aThaigivenname]
สุจินดา|sooLjinMdaaM|Suchinda[aThaigivenname]
สุดา|sooLdaaM|Suda[aThaifemalename](woman,lady)
สุกัญญา|sooLganMyaaM|Sugunya[aThaigivenname]
สุหัตถ์|sooLhatL|Suhat[aThaigivenname]
สุจิต|sooLjitL|Sujit[aThaimaleorfemalegivenname]
สุเมธ|sooLmaehtF|Sumate[Thaiman'sgivenname](intelligentperson;thinker)
สุนัย|sooLnaiM|Sunai[aThaigivenname]
สุนีย์|sooLneeM|Sunee[aThaifemalegivenname]
สุนี|sooLneeM|Suni[aThaigivenname]
สุภา|sooLphaaM|Supa[aThaifemalegivenname]
ศุภชัย|soopLchaiM|Supachai[aThaimalegivenname](auspiciousvictory)
สุภาภรณ์|sooLphaaMphohnM|Supaporn[aThaigivenname]
ศุภวิทย์|soopLphaHwitH|Supawit[aThaigivenname]
สุพรรณ|sooLphanM|Suphan[aThaigivenname]
สุภาพ|sooLphaapF|Suphap[aThaigivenname]
ศุภวุฒิ|soopLphaHwootH|Suphawut;Subhawudhi[aThaimalegivenname](auspiciousandproficient)
สุพิชา|sooLphiHchaaM|Supicha(aThaigivenname)
สุพิศ|sooLphitH|Supit,Suphit[aThaimalegivenname]
ศุภผล|soopLphaHphohnR|Suppaphon[aThaigivenname]
ศุภรัตน์|soopLphaHratH|Supparat[aThaigivenname]
สุประภา|soopLraHphaaM|Suprapha[aThaigivenname]
สุรัตน์|sooLratH|Surat[aThaigivenname]
สุรี|sooLreeM|Suree;Surii[aThaifemalegivenname]
สุริยา|sooLriHyaaM|Suriya[aThaifemalename](sun)
สุริยะ|sooLriHyaH|Suriya[aThaigivenname]
สุธรรม|sooLthamM|Sutham[aThaigivenname]
สุเทพ|sooLthaehpF|Suthep[aThaigivenname]
สุทธิพล|sootLthiHphohnM|Sutthiphon[aThaigivenname]
สุทธิพงศ์|sootLthiHphohngM|Sutthiphong[aThaigivenname]
สุวรรณ|sooLwanM|Suwan[aThaigivenname]
สุวิชา|sooLwiHchaaM|Suwicha(aThaigivenname)
สุวิทย์|sooLwitH|Suwit[aThaimalegivenname]
ธเนศ|thaHnaehtF|Tanet[aThaimalename](arichman)
ตนุพล|dtaLnooHphohnM|Tanuphon[aThaigivenname]
ธีรศักดิ์|theeMraHsakL|Teerasak[aThaigivenname](stabilityandpower,authority)
ทักษิณ|thakHsinR|Thaksin[aThaigivenname]
ธนากร|thaHnaaMgaawnM|Thanakorn[aThaigivenname]
ธนาพร|thaHnaaMphaawnM|Thanaporn[aThaimalegivenname]
ถนัด|thaLnatL|Thanat[aThaigivenname]
ธนัชชา|thaHnatHchaaM|Thanatcha[Thaifemalegivenname]
ทวีฉัตร|thaHweeMchatL|Thawichat[aThaigivenname]
ถวิล|thaLwinR|Thawin[aThaigivenname]
ทวีป|thaHweepF|Thawip[aThaigivenname]
ทวีศักดิ์|thaHweeMsakL|Thawisak[aThaigivenname]
ทวีวงศ์|thaHweeMwohngM|Thawiwong[aThaigivenname]
ธีรภัทร|theeMraHphatH|Thiraphat[aThaigivenname]
ฐิตวรรณ|thitLdtaLwanM|Thitawan[aThaigivenname]
ฐิติภรณ์|thiLdtiLphohnM|Thitiporn[afemalegivenname]
ธงชัย|thohngMchaiM|Thongchai[aThaigivenname]
ทัศนีย์|thatHsaLneeM|Tussanee[aThaigivenname]
อุบล|ooLbohnM|Ubol[aThaifemalegivenname](waterlilly,lotus)
อุบลวรรณ|ooLbohnMwanM|Ubonwan[aThaigivenname]
อุดม|ooLdohmM|Udom[aThaimalegivenname](ideal,principle)
อุกิต|ooLgitL|Ukit[aThaimalename]
อุกฤษฏ์|ooLgritL|Ukrit[commonmaleThainame](supreme,highest)
อัญญาณี|anMyaaMneeM|Unyanee[aThaigivenname]
วีระ|weeMraH|Veera[aThaimalegivenname](brave)
วิโรจน์|wiHro:htF|Viroj[aThaigivenname]
วรภัทร|waawMraHphatH|Vorapat[aThaigivenname]
วานี|waaMneeM|Wanee[aThaifemalegivenname]
วัลลภา|wanMlaHphaaM|Wanlapa[aThaigivenname]
วัลลภ|wanMlohpH|Wanlop[aThaigivenname]
วรรณ|wanM|Wann[acommonThaifemalegivenname]
วรรณา|wanMnaaM|Wanna[aThaifemalegivenname]
วันพล|wanMphohnM|Wanpol[aThaimalegivenname]
วราภรณ์|waHraaMphohnM|Waraporn[aThaigivenname]
วัชราภรณ์|watHchaHraaMphohnM|Watcharaporn[aThaigivenname]
วัฒนา|watHthaHnaaM|Wattana[aThaigivenname](development,evolution)
วิชัย|wiHchaiM|Wichai[aThaimalegivenname]
วิจารณ์|wiHjaanM|Wichan[aThaigivenname]
วิเชียร|wiHchiianM|Wichian[aThaigivenname]
วิจิตร|wiHjitL|Wichit[aThaigivenname]
วิลาศ|wiHlaatF|Wilat[aThaigivenname]
วินัย|wiHnaiM|WinaiorVinai[amalegivenname]
วีรยุทธ์|weenMyootH|Winyut[aThaigivenname]
วิภา|wiHphaaM|Wipa[aThaifemalegivenname]
วิภาภรณ์|wiHphaaMphohnM|Wipaporn[ThaiFemalegivenname]
วีระ|weeMraH|Wira[aThaimalegivenname]
วีระชาย|weeMraHchaaiM|Wirachai[aThaigivenname]
วีระชาติ|weeMraHchaatF|Wirachat[aThaimalegivennamemeaning"nationalhero"]
วีระพันธุ์|weeMraHphanM|Wiraphan[aThaigivenname]
วีระพล|weeMraHphohnM|Wiraphon[aThaigivenname]
วิราภรณ์|wiHraaMphohnM|[Thaimalename]Wiraporn
วีรศักดิ์|weeMraHsakL|Wirasak[aThaigivenname]
วีระศักดิ์|weeMraHsakL|Wirasak[aThaigivenname]
วิรัช|wiHratH|Wirat[aThaimalegivenname](pure,clean,chaste)
วิริยะ|wiHriHyaH|Wiriya[aThaimalename](diligence,persistence)
วิสา|wiHsaaR|Wisa[Thaifemalegivenname]
วิเศษ|wiHsaehtL|Wiset[aThaigivenname]
วิศิษฏ์|wiHsitL|Wisit[aThaimalegivenname](glorious)
วิทยา|witHthaHyaaM|Witya[aThaigivenname]
วรพร|waawMraHphaawnM|Woraporn[aThaimaleorfemalegivenname]
ญาณิน|yaaMninM|Yanin[aThaigivenname]
เยาวพา|yaoMwaHphaaM|Yaowapha[aThaifemalegivenname]
ยิ่งยศ|yingFyohtH|Yingyot[aThaigivenname]
ยุพิน|yooHphinM|Yupin[aThaigivenname]
ยุทธ์|yootH|Yut;Yuth[Thaimalegivenname](war)
ยุวรัตน์|yooHwaHratH|Yuwarat[aThaigivenname]
วัชรพล|watHraHphohnM|Watcharapol[Thaimalegivenname]
ดวงพร|watHraHphohnM|Watcharapol[Thaimalegivenname]
มยุรี|watHraHphohnM|Watcharapol[Thaimalegivenname]
วิษณุ|watHraHphohnM|Watcharapol[Thaimalegivenname]
บังอร|watHraHphohnM|Watcharapol[Thaimalegivenname]
ลำดวน|watHraHphohnM|Watcharapol[Thaimalegivenname]
เฉลียว|watHraHphohnM|Watcharapol[Thaimalegivenname]
วาสนา|watHraHphohnM|Watcharapol[Thaimalegivenname]
ปราโมทย์|watHraHphohnM|Watcharapol[Thaimalegivenname]
สมใจ|watHraHphohnM|Watcharapol[Thaimalegivenname]
จงรัก|watHraHphohnM|Watcharapol[Thaimalegivenname]
อุดม|watHraHphohnM|Watcharapol[Thaimalegivenname]
เกสร|watHraHphohnM|Watcharapol[Thaimalegivenname]
พีระ|watHraHphohnM|Watcharapol[Thaimalegivenname]
ทิพวรรณ|watHraHphohnM|Watcharapol[Thaimalegivenname]
ปราณี|watHraHphohnM|Watcharapol[Thaimalegivenname]
บุญชู|watHraHphohnM|Watcharapol[Thaimalegivenname]
สุรศักดิ์|watHraHphohnM|Watcharapol[Thaimalegivenname]
ไพรวัลย์|watHraHphohnM|Watcharapol[Thaimalegivenname]
บุษบา|watHraHphohnM|Watcharapol[Thaimalegivenname]
บังอร|watHraHphohnM|Watcharapol[Thaimalegivenname]
จันทร์เพ็ญ|watHraHphohnM|Watcharapol[Thaimalegivenname]
จรัญ|watHraHphohnM|Watcharapol[Thaimalegivenname]
จำรัส|watHraHphohnM|Watcharapol[Thaimalegivenname]
สมปอง|watHraHphohnM|Watcharapol[Thaimalegivenname]
บุญมี|watHraHphohnM|Watcharapol[Thaimalegivenname]
สมเกียรติ|watHraHphohnM|Watcharapol[Thaimalegivenname]
ประยูร|watHraHphohnM|Watcharapol[Thaimalegivenname]
ทศพล|watHraHphohnM|Watcharapol[Thaimalegivenname]
เจษฎา|watHraHphohnM|Watcharapol[Thaimalegivenname]
ไตรภพ|watHraHphohnM|Watcharapol[Thaimalegivenname]
สงวน|watHraHphohnM|Watcharapol[Thaimalegivenname]
เฉลียว|watHraHphohnM|Watcharapol[Thaimalegivenname]
จำเนียน|watHraHphohnM|Watcharapol[Thaimalegivenname]
สมจิตร|watHraHphohnM|Watcharapol[Thaimalegivenname]
ไพโรจน์|watHraHphohnM|Watcharapol[Thaimalegivenname]
จำเรียง|watHraHphohnM|Watcharapol[Thaimalegivenname]
สมจิตร|watHraHphohnM|Watcharapol[Thaimalegivenname]
สำราญ|watHraHphohnM|Watcharapol[Thaimalegivenname]
โสรยา|watHraHphohnM|Watcharapol[Thaimalegivenname]
บุญลือ|watHraHphohnM|Watcharapol[Thaimalegivenname]
อัศวิน|watHraHphohnM|Watcharapol[Thaimalegivenname]
ละออง|watHraHphohnM|Watcharapol[Thaimalegivenname]
ไพลิน|watHraHphohnM|Watcharapol[Thaimalegivenname]
นพมาศ|watHraHphohnM|Watcharapol[Thaimalegivenname]
ประทวน|watHraHphohnM|Watcharapol[Thaimalegivenname]
ถนอม|watHraHphohnM|Watcharapol[Thaimalegivenname]
วีระชัย|watHraHphohnM|Watcharapol[Thaimalegivenname]
ชูชาติ|watHraHphohnM|Watcharapol[Thaimalegivenname]
นัดดา|watHraHphohnM|Watcharapol[Thaimalegivenname]
คำรณ|watHraHphohnM|Watcharapol[Thaimalegivenname]
แม้น|watHraHphohnM|Watcharapol[Thaimalegivenname]
นิรันดร์|watHraHphohnM|Watcharapol[Thaimalegivenname]
สุรศักดิ์|watHraHphohnM|Watcharapol[Thaimalegivenname]
บุญสม|watHraHphohnM|Watcharapol[Thaimalegivenname]
พิบูลย์|watHraHphohnM|Watcharapol[Thaimalegivenname]
แสงจันทร์|watHraHphohnM|Watcharapol[Thaimalegivenname]
ประเทือง|watHraHphohnM|Watcharapol[Thaimalegivenname]
กฤษณะ|watHraHphohnM|Watcharapol[Thaimalegivenname]
จิราพร|watHraHphohnM|Watcharapol[Thaimalegivenname]
ฉัตรชัย|watHraHphohnM|Watcharapol[Thaimalegivenname]
เจี๊ยบ|watHraHphohnM|Watcharapol[Thaimalegivenname]
บรรจง|watHraHphohnM|Watcharapol[Thaimalegivenname]
บุญเหลือ|watHraHphohnM|Watcharapol[Thaimalegivenname]
ประภาพร|watHraHphohnM|Watcharapol[Thaimalegivenname]
พงศ์ศักดิ์|watHraHphohnM|Watcharapol[Thaimalegivenname]
วรวุฒิ|watHraHphohnM|Watcharapol[Thaimalegivenname]
วันเพ็ญ|watHraHphohnM|Watcharapol[Thaimalegivenname]
ศตวรรษ|watHraHphohnM|Watcharapol[Thaimalegivenname]
สุรชาติ|watHraHphohnM|Watcharapol[Thaimalegivenname]
แสงเดือน|watHraHphohnM|Watcharapol[Thaimalegivenname]
อุไรวรรณ|watHraHphohnM|Watcharapol[Thaimalegivenname]
ณัฐวุฒิ|watHraHphohnM|Watcharapol[Thaimalegivenname]
สมปอง|watHraHphohnM|Watcharapol[Thaimalegivenname]
วิวัฒน์|watHraHphohnM|Watcharapol[Thaimalegivenname]
สมนึก|watHraHphohnM|Watcharapol[Thaimalegivenname]
ณรงค์|watHraHphohnM|Watcharapol[Thaimalegivenname]
ทองสุข|watHraHphohnM|Watcharapol[Thaimalegivenname]
บุญช่วย|watHraHphohnM|Watcharapol[Thaimalegivenname]
ไพบูรณ์|watHraHphohnM|Watcharapol[Thaimalegivenname]
อนุชิต|watHraHphohnM|Watcharapol[Thaimalegivenname]
อาคม|watHraHphohnM|Watcharapol[Thaimalegivenname]
พัชรา|watHraHphohnM|Watcharapol[Thaimalegivenname]
ทัศนา|watHraHphohnM|Watcharapol[Thaimalegivenname]
กิตติศักดิ์|watHraHphohnM|Watcharapol[Thaimalegivenname]
ทรงศักดิ์|watHraHphohnM|Watcharapol[Thaimalegivenname]
อุทัยวรรณ|watHraHphohnM|Watcharapol[Thaimalegivenname]
สมาน|watHraHphohnM|Watcharapol[Thaimalegivenname]
แอ๊ด|watHraHphohnM|Watcharapol[Thaimalegivenname]
จำปา|watHraHphohnM|Watcharapol[Thaimalegivenname]
จินตนา|watHraHphohnM|Watcharapol[Thaimalegivenname]
ดาวเรือง|watHraHphohnM|Watcharapol[Thaimalegivenname]
อุษา|watHraHphohnM|Watcharapol[Thaimalegivenname]
ทองใบ|watHraHphohnM|Watcharapol[Thaimalegivenname]
ลำไย|watHraHphohnM|Watcharapol[Thaimalegivenname]
เพ็ญศรี|watHraHphohnM|Watcharapol[Thaimalegivenname]
นพพร|watHraHphohnM|Watcharapol[Thaimalegivenname]
นกแก้ว|watHraHphohnM|Watcharapol[Thaimalegivenname]
ละเมียด|watHraHphohnM|Watcharapol[Thaimalegivenname]
สุรเชษฐ์|watHraHphohnM|Watcharapol[Thaimalegivenname]
วรารัตน์|watHraHphohnM|Watcharapol[Thaimalegivenname]
เสงี่ยม|watHraHphohnM|Watcharapol[Thaimalegivenname]
ผ่องศรี|watHraHphohnM|Watcharapol[Thaimalegivenname]
ธีรพงษ์|watHraHphohnM|Watcharapol[Thaimalegivenname]
สายฝน|watHraHphohnM|Watcharapol[Thaimalegivenname]
สุวัฒน์|watHraHphohnM|Watcharapol[Thaimalegivenname]
ธวัชชัย|watHraHphohnM|Watcharapol[Thaimalegivenname]
วันวิสา|watHraHphohnM|Watcharapol[Thaimalegivenname]
ดารา|watHraHphohnM|Watcharapol[Thaimalegivenname]
บัวผัน|watHraHphohnM|Watcharapol[Thaimalegivenname]
ไพริน|watHraHphohnM|Watcharapol[Thaimalegivenname]
ประคอง|watHraHphohnM|Watcharapol[Thaimalegivenname]
พิเชษฐ์|watHraHphohnM|Watcharapol[Thaimalegivenname]
สายใจ|watHraHphohnM|Watcharapol[Thaimalegivenname]
นิกร|watHraHphohnM|Watcharapol[Thaimalegivenname]
พรประภา|watHraHphohnM|Watcharapol[Thaimalegivenname]
บุญฤทธิ์|watHraHphohnM|Watcharapol[Thaimalegivenname]
บุญนำ|watHraHphohnM|Watcharapol[Thaimalegivenname]
เย็นฤดี|watHraHphohnM|Watcharapol[Thaimalegivenname]
เยาวภา|watHraHphohnM|Watcharapol[Thaimalegivenname]
ราตรี|watHraHphohnM|Watcharapol[Thaimalegivenname]
สุทัศน์|watHraHphohnM|Watcharapol[Thaimalegivenname]
ชุติพล|watHraHphohnM|Watcharapol[Thaimalegivenname]
รำพึง|watHraHphohnM|Watcharapol[Thaimalegivenname]
ศิริวัฒน์|watHraHphohnM|Watcharapol[Thaimalegivenname]
จำเนียร|watHraHphohnM|Watcharapol[Thaimalegivenname]
องอาจ|watHraHphohnM|Watcharapol[Thaimalegivenname]
ผ่อง|watHraHphohnM|Watcharapol[Thaimalegivenname]
ปราณี|watHraHphohnM|Watcharapol[Thaimalegivenname]
วรวุฒิ|watHraHphohnM|Watcharapol[Thaimalegivenname]
รัตนา|watHraHphohnM|Watcharapol[Thaimalegivenname]
อุไรพร|watHraHphohnM|Watcharapol[Thaimalegivenname]
วันชัย|watHraHphohnM|Watcharapol[Thaimalegivenname]
บุญส่ง|watHraHphohnM|Watcharapol[Thaimalegivenname]
สายชล|watHraHphohnM|Watcharapol[Thaimalegivenname]
อำนวย|watHraHphohnM|Watcharapol[Thaimalegivenname]
ชาตรี|watHraHphohnM|Watcharapol[Thaimalegivenname]
มาลัย|watHraHphohnM|Watcharapol[Thaimalegivenname]
บุญลือ|watHraHphohnM|Watcharapol[Thaimalegivenname]
ทัศวรรณ|watHraHphohnM|Watcharapol[Thaimalegivenname]
ชวนชื่น|watHraHphohnM|Watcharapol[Thaimalegivenname]
สีนวล|watHraHphohnM|Watcharapol[Thaimalegivenname]
ชลธิชา|watHraHphohnM|Watcharapol[Thaimalegivenname]
วรรณนา|watHraHphohnM|Watcharapol[Thaimalegivenname]
อภิเดช|watHraHphohnM|Watcharapol[Thaimalegivenname]
สายัณห์|watHraHphohnM|Watcharapol[Thaimalegivenname]
กัลยา|watHraHphohnM|Watcharapol[Thaimalegivenname]
วีรศักด์|watHraHphohnM|Watcharapol[Thaimalegivenname]
เกรียงไกร|watHraHphohnM|Watcharapol[Thaimalegivenname]
บุญยิ่ง|watHraHphohnM|Watcharapol[Thaimalegivenname]
บุญนาค|watHraHphohnM|Watcharapol[Thaimalegivenname]
ยุทธนา|watHraHphohnM|Watcharapol[Thaimalegivenname]
อุไร|watHraHphohnM|Watcharapol[Thaimalegivenname]
นิยม|watHraHphohnM|Watcharapol[Thaimalegivenname]
เรณู|watHraHphohnM|Watcharapol[Thaimalegivenname]
ยงยุทธ|watHraHphohnM|Watcharapol[Thaimalegivenname]
พัชรินทร์|watHraHphohnM|Watcharapol[Thaimalegivenname]
ประหยัด|watHraHphohnM|Watcharapol[Thaimalegivenname]
จำรูญ|watHraHphohnM|Watcharapol[Thaimalegivenname]
รุจิรา|watHraHphohnM|Watcharapol[Thaimalegivenname]
สมหวัง|watHraHphohnM|Watcharapol[Thaimalegivenname]
อริสรา|watHraHphohnM|Watcharapol[Thaimalegivenname]
บุญยืน|watHraHphohnM|Watcharapol[Thaimalegivenname]
ประกาย|watHraHphohnM|Watcharapol[Thaimalegivenname]
สมัย|watHraHphohnM|Watcharapol[Thaimalegivenname]
สาโรจน์|watHraHphohnM|Watcharapol[Thaimalegivenname]
ประนอม|watHraHphohnM|Watcharapol[Thaimalegivenname]
แสวง|watHraHphohnM|Watcharapol[Thaimalegivenname]
ศรายุทธ|watHraHphohnM|Watcharapol[Thaimalegivenname]
ทองสุก|watHraHphohnM|Watcharapol[Thaimalegivenname]
ดำรงค์|watHraHphohnM|Watcharapol[Thaimalegivenname]
สุทิน|watHraHphohnM|Watcharapol[Thaimalegivenname]
รัตนาพร|watHraHphohnM|Watcharapol[Thaimalegivenname]
บุญรอด|watHraHphohnM|Watcharapol[Thaimalegivenname]
เฉลิมพร|watHraHphohnM|Watcharapol[Thaimalegivenname]
ศรัญญา|watHraHphohnM|Watcharapol[Thaimalegivenname]
ธนศักดิ์|watHraHphohnM|Watcharapol[Thaimalegivenname]
พุ่มพวง|watHraHphohnM|Watcharapol[Thaimalegivenname]
สุริวงษ์|watHraHphohnM|Watcharapol[Thaimalegivenname]
ลำพัน|watHraHphohnM|Watcharapol[Thaimalegivenname]
ปรานี|watHraHphohnM|Watcharapol[Thaimalegivenname]
นเรศ|watHraHphohnM|Watcharapol[Thaimalegivenname]
มณีรัตน์|watHraHphohnM|Watcharapol[Thaimalegivenname]
วัลลพ|watHraHphohnM|Watcharapol[Thaimalegivenname]
วีรพงษ์|watHraHphohnM|Watcharapol[Thaimalegivenname]
เสกสรรค์|watHraHphohnM|Watcharapol[Thaimalegivenname]
อรวรรณ|watHraHphohnM|Watcharapol[Thaimalegivenname]
ทนงศักดิ์|watHraHphohnM|Watcharapol[Thaimalegivenname]
ขวัญฤทัย|watHraHphohnM|Watcharapol[Thaimalegivenname]
รุ่งโรจน์|watHraHphohnM|Watcharapol[Thaimalegivenname]
วันเฉลิม|watHraHphohnM|Watcharapol[Thaimalegivenname]
หมวย|watHraHphohnM|Watcharapol[Thaimalegivenname]
อำไพร|watHraHphohnM|Watcharapol[Thaimalegivenname]
ไอริน|watHraHphohnM|Watcharapol[Thaimalegivenname]
บัวลอย|watHraHphohnM|Watcharapol[Thaimalegivenname]
สุนทร|watHraHphohnM|Watcharapol[Thaimalegivenname]
มานพ|watHraHphohnM|Watcharapol[Thaimalegivenname]
ชัยวุฒิ|watHraHphohnM|Watcharapol[Thaimalegivenname]
อำพร|watHraHphohnM|Watcharapol[Thaimalegivenname]
สวาท|watHraHphohnM|Watcharapol[Thaimalegivenname]
มนัส|watHraHphohnM|Watcharapol[Thaimalegivenname]